model_path,num_cores,avg_latency_ms,throughput_samples_per_sec,std_latency_ms,timestamp,cpu_util_percent,memory_mb,python_version,graph_node_count,thread_count_before,thread_count_after,model_id,actual_layers,group,node_count,max_parallelism,critical_path_length,avg_width,width_std,branching_factor,avg_out_degree,latency_1,speedup,version
experiments/PipelineParallel_exp2/models/model_1,1,8.893634,112.447993,0.106196,2025-11-01 17:01:41,14.0,121.9,3.12.12,56,2,2,model_1,5,Shallow,56,13,7,11.2,1.166,0.089,0.911,8.893634,1.0,GIL
experiments/PipelineParallel_exp2/models/model_1,2,8.891292,112.472066,0.058891,2025-11-01 17:01:43,9.7,122.1,3.12.12,56,2,2,model_1,5,Shallow,56,13,7,11.2,1.166,0.089,0.911,8.893634,1.0002634037887859,GIL
experiments/PipelineParallel_exp2/models/model_1,4,9.946038,100.563763,0.204295,2025-11-01 17:01:46,9.7,122.1,3.12.12,56,2,2,model_1,5,Shallow,56,13,7,11.2,1.166,0.089,0.911,8.893634,0.8941886206346689,GIL
experiments/PipelineParallel_exp2/models/model_1,8,11.250647,89.05855,0.704841,2025-11-01 17:01:50,9.7,123.0,3.12.12,56,2,2,model_1,5,Shallow,56,13,7,11.2,1.166,0.089,0.911,8.893634,0.7904997819236529,GIL
experiments/PipelineParallel_exp2/models/model_1,16,12.077449,83.088292,1.007936,2025-11-01 17:01:53,10.0,123.8,3.12.12,56,2,2,model_1,5,Shallow,56,13,7,11.2,1.166,0.089,0.911,8.893634,0.7363834862809191,GIL
experiments/PipelineParallel_exp2/models/model_2,1,9.280771,107.757374,0.111025,2025-11-01 17:01:56,9.3,123.8,3.12.12,58,2,2,model_2,5,Shallow,58,12,7,11.6,0.49,0.121,0.914,9.280771,1.0,GIL
experiments/PipelineParallel_exp2/models/model_2,2,9.198446,108.714121,0.012649,2025-11-01 17:01:59,9.7,123.9,3.12.12,58,2,2,model_2,5,Shallow,58,12,7,11.6,0.49,0.121,0.914,9.280771,1.0089498813169093,GIL
experiments/PipelineParallel_exp2/models/model_2,4,10.953021,91.299271,0.025908,2025-11-01 17:02:02,9.5,123.9,3.12.12,58,2,2,model_2,5,Shallow,58,12,7,11.6,0.49,0.121,0.914,9.280771,0.847325226528827,GIL
experiments/PipelineParallel_exp2/models/model_2,8,12.068671,83.016351,0.742678,2025-11-01 17:02:06,10.1,123.7,3.12.12,58,2,2,model_2,5,Shallow,58,12,7,11.6,0.49,0.121,0.914,9.280771,0.7689969342937594,GIL
experiments/PipelineParallel_exp2/models/model_2,16,13.707802,73.011817,0.558769,2025-11-01 17:02:10,10.2,123.7,3.12.12,58,2,2,model_2,5,Shallow,58,12,7,11.6,0.49,0.121,0.914,9.280771,0.6770429715865461,GIL
experiments/PipelineParallel_exp2/models/model_3,1,8.504423,117.61812,0.19913,2025-11-01 17:02:12,9.5,123.7,3.12.12,56,2,2,model_3,5,Shallow,56,12,7,11.2,0.748,0.125,0.929,8.504423,1.0,GIL
experiments/PipelineParallel_exp2/models/model_3,2,9.073922,110.23486,0.207896,2025-11-01 17:02:15,9.6,123.7,3.12.12,56,2,2,model_3,5,Shallow,56,12,7,11.2,0.748,0.125,0.929,8.504423,0.9372378338716157,GIL
experiments/PipelineParallel_exp2/models/model_3,4,10.190673,98.174337,0.309886,2025-11-01 17:02:18,9.5,123.7,3.12.12,56,2,2,model_3,5,Shallow,56,12,7,11.2,0.748,0.125,0.929,8.504423,0.8345300648936531,GIL
experiments/PipelineParallel_exp2/models/model_3,8,11.061615,90.422697,0.23256,2025-11-01 17:02:22,9.4,123.8,3.12.12,56,2,2,model_3,5,Shallow,56,12,7,11.2,0.748,0.125,0.929,8.504423,0.7688229069625004,GIL
experiments/PipelineParallel_exp2/models/model_3,16,12.839294,77.889009,0.1147,2025-11-01 17:02:26,10.1,123.9,3.12.12,56,2,2,model_3,5,Shallow,56,12,7,11.2,0.748,0.125,0.929,8.504423,0.662374660164336,GIL
experiments/PipelineParallel_exp2/models/model_4,1,17.199541,58.141165,0.028052,2025-11-01 17:02:31,9.5,124.2,3.12.12,119,2,2,model_4,9,Shallow,119,15,11,13.222,1.133,0.134,1.008,17.199541,1.0,GIL
experiments/PipelineParallel_exp2/models/model_4,2,18.024572,55.495846,0.433175,2025-11-01 17:02:36,9.6,124.3,3.12.12,119,2,2,model_4,9,Shallow,119,15,11,13.222,1.133,0.134,1.008,17.199541,0.9542274290895785,GIL
experiments/PipelineParallel_exp2/models/model_4,4,19.658968,50.87733,0.388979,2025-11-01 17:02:42,9.3,124.3,3.12.12,119,2,2,model_4,9,Shallow,119,15,11,13.222,1.133,0.134,1.008,17.199541,0.8748954166871831,GIL
experiments/PipelineParallel_exp2/models/model_4,8,20.291846,49.295797,0.499208,2025-11-01 17:02:48,9.5,124.3,3.12.12,119,2,2,model_4,9,Shallow,119,15,11,13.222,1.133,0.134,1.008,17.199541,0.8476084925935274,GIL
experiments/PipelineParallel_exp2/models/model_4,16,22.354318,44.852825,1.62659,2025-11-01 17:02:55,9.7,124.7,3.12.12,119,2,2,model_4,9,Shallow,119,15,11,13.222,1.133,0.134,1.008,17.199541,0.7694057586547709,GIL
experiments/PipelineParallel_exp2/models/model_5,1,3.756318,266.570712,0.193185,2025-11-01 17:02:56,9.8,124.7,3.12.12,20,2,2,model_5,2,Shallow,20,11,4,10.0,1.0,0.0,0.55,3.756318,1.0,GIL
experiments/PipelineParallel_exp2/models/model_5,2,4.020331,248.749296,0.041947,2025-11-01 17:02:57,9.6,124.7,3.12.12,20,2,2,model_5,2,Shallow,20,11,4,10.0,1.0,0.0,0.55,3.756318,0.9343305314910638,GIL
experiments/PipelineParallel_exp2/models/model_5,4,4.916003,203.560163,0.184189,2025-11-01 17:02:59,9.7,124.7,3.12.12,20,2,2,model_5,2,Shallow,20,11,4,10.0,1.0,0.0,0.55,3.756318,0.7641000219080419,GIL
experiments/PipelineParallel_exp2/models/model_5,8,5.626878,177.808223,0.178819,2025-11-01 17:03:00,9.7,124.9,3.12.12,20,2,2,model_5,2,Shallow,20,11,4,10.0,1.0,0.0,0.55,3.756318,0.6675669883015057,GIL
experiments/PipelineParallel_exp2/models/model_5,16,5.057922,197.754833,0.10812,2025-11-01 17:03:02,9.4,125.1,3.12.12,20,2,2,model_5,2,Shallow,20,11,4,10.0,1.0,0.0,0.55,3.756318,0.742660325722698,GIL
experiments/PipelineParallel_exp2/models/model_6,1,14.25985,70.334238,1.094755,2025-11-01 17:03:06,9.3,125.1,3.12.12,93,2,2,model_6,8,Shallow,93,13,10,11.625,0.696,0.14,1.0,14.25985,1.0,GIL
experiments/PipelineParallel_exp2/models/model_6,2,14.168899,70.600965,0.368278,2025-11-01 17:03:10,9.3,125.1,3.12.12,93,2,2,model_6,8,Shallow,93,13,10,11.625,0.696,0.14,1.0,14.25985,1.0064190590955586,GIL
experiments/PipelineParallel_exp2/models/model_6,4,15.317442,65.361856,0.742551,2025-11-01 17:03:15,9.7,125.1,3.12.12,93,2,2,model_6,8,Shallow,93,13,10,11.625,0.696,0.14,1.0,14.25985,0.9309550511110145,GIL
experiments/PipelineParallel_exp2/models/model_6,8,17.54196,57.063704,0.787702,2025-11-01 17:03:20,9.4,124.8,3.12.12,93,2,2,model_6,8,Shallow,93,13,10,11.625,0.696,0.14,1.0,14.25985,0.8128994707546934,GIL
experiments/PipelineParallel_exp2/models/model_6,16,18.628368,53.691965,0.366586,2025-11-01 17:03:26,9.7,124.8,3.12.12,93,2,2,model_6,8,Shallow,93,13,10,11.625,0.696,0.14,1.0,14.25985,0.7654911047494876,GIL
experiments/PipelineParallel_exp2/models/model_7,1,9.789634,102.154153,0.099594,2025-11-01 17:03:29,9.6,124.8,3.12.12,62,2,2,model_7,5,Shallow,62,14,7,12.4,1.02,0.161,0.935,9.789634,1.0,GIL
experiments/PipelineParallel_exp2/models/model_7,2,10.385667,96.313706,0.246659,2025-11-01 17:03:32,9.2,124.8,3.12.12,62,2,2,model_7,5,Shallow,62,14,7,12.4,1.02,0.161,0.935,9.789634,0.9426100413194454,GIL
experiments/PipelineParallel_exp2/models/model_7,4,10.895092,91.788108,0.097298,2025-11-01 17:03:35,9.2,124.8,3.12.12,62,2,2,model_7,5,Shallow,62,14,7,12.4,1.02,0.161,0.935,9.789634,0.898536148203246,GIL
experiments/PipelineParallel_exp2/models/model_7,8,11.516255,86.834008,0.026189,2025-11-01 17:03:39,10.0,124.9,3.12.12,62,2,2,model_7,5,Shallow,62,14,7,12.4,1.02,0.161,0.935,9.789634,0.8500709649100338,GIL
experiments/PipelineParallel_exp2/models/model_7,16,14.970787,66.84513,0.569553,2025-11-01 17:03:43,9.8,124.6,3.12.12,62,2,2,model_7,5,Shallow,62,14,7,12.4,1.02,0.161,0.935,9.789634,0.6539157894638404,GIL
experiments/PipelineParallel_exp2/models/model_8,1,13.617726,73.434171,0.048793,2025-11-01 17:03:47,9.5,124.6,3.12.12,90,2,2,model_8,6,Shallow,90,17,8,15.0,1.155,0.156,1.0,13.617726,1.0,GIL
experiments/PipelineParallel_exp2/models/model_8,2,13.489748,74.228585,0.693934,2025-11-01 17:03:52,9.6,124.6,3.12.12,90,2,2,model_8,6,Shallow,90,17,8,15.0,1.155,0.156,1.0,13.617726,1.009487056392751,GIL
experiments/PipelineParallel_exp2/models/model_8,4,14.403104,69.449313,0.344222,2025-11-01 17:03:56,9.4,124.6,3.12.12,90,2,2,model_8,6,Shallow,90,17,8,15.0,1.155,0.156,1.0,13.617726,0.9454716150074316,GIL
experiments/PipelineParallel_exp2/models/model_8,8,16.130291,62.025425,0.50388,2025-11-01 17:04:01,9.5,125.0,3.12.12,90,2,2,model_8,6,Shallow,90,17,8,15.0,1.155,0.156,1.0,13.617726,0.8442331263583527,GIL
experiments/PipelineParallel_exp2/models/model_8,16,18.830142,53.106454,0.038111,2025-11-01 17:04:06,9.8,125.1,3.12.12,90,2,2,model_8,6,Shallow,90,17,8,15.0,1.155,0.156,1.0,13.617726,0.7231876424511297,GIL
experiments/PipelineParallel_exp2/models/model_9,1,10.317224,96.952382,0.243884,2025-11-01 17:04:09,9.6,125.1,3.12.12,66,2,2,model_9,5,Shallow,66,15,7,13.2,2.227,0.091,0.924,10.317224,1.0,GIL
experiments/PipelineParallel_exp2/models/model_9,2,10.609739,94.313533,0.380036,2025-11-01 17:04:13,9.8,125.1,3.12.12,66,2,2,model_9,5,Shallow,66,15,7,13.2,2.227,0.091,0.924,10.317224,0.9724295762600758,GIL
experiments/PipelineParallel_exp2/models/model_9,4,11.239139,88.979599,0.11687,2025-11-01 17:04:16,9.2,125.1,3.12.12,66,2,2,model_9,5,Shallow,66,15,7,13.2,2.227,0.091,0.924,10.317224,0.9179728091271048,GIL
experiments/PipelineParallel_exp2/models/model_9,8,12.095501,82.703172,0.313634,2025-11-01 17:04:20,10.1,125.1,3.12.12,66,2,2,model_9,5,Shallow,66,15,7,13.2,2.227,0.091,0.924,10.317224,0.8529802940779385,GIL
experiments/PipelineParallel_exp2/models/model_9,16,15.078799,66.345846,0.434671,2025-11-01 17:04:24,9.7,125.1,3.12.12,66,2,2,model_9,5,Shallow,66,15,7,13.2,2.227,0.091,0.924,10.317224,0.6842205403759278,GIL
experiments/PipelineParallel_exp2/models/model_10,1,11.912798,83.946928,0.110201,2025-11-01 17:04:28,9.6,125.1,3.12.12,74,2,2,model_10,5,Shallow,74,17,7,14.8,1.72,0.095,0.932,11.912798,1.0,GIL
experiments/PipelineParallel_exp2/models/model_10,2,11.750902,85.154798,0.422148,2025-11-01 17:04:31,9.2,125.1,3.12.12,74,2,2,model_10,5,Shallow,74,17,7,14.8,1.72,0.095,0.932,11.912798,1.013777325349152,GIL
experiments/PipelineParallel_exp2/models/model_10,4,12.440854,80.38751,0.166237,2025-11-01 17:04:35,9.7,125.1,3.12.12,74,2,2,model_10,5,Shallow,74,17,7,14.8,1.72,0.095,0.932,11.912798,0.9575546823393314,GIL
experiments/PipelineParallel_exp2/models/model_10,8,13.439209,74.409997,0.064545,2025-11-01 17:04:39,9.8,125.3,3.12.12,74,2,2,model_10,5,Shallow,74,17,7,14.8,1.72,0.095,0.932,11.912798,0.8864210683828193,GIL
experiments/PipelineParallel_exp2/models/model_10,16,15.210115,65.749785,0.169091,2025-11-01 17:04:44,9.5,125.2,3.12.12,74,2,2,model_10,5,Shallow,74,17,7,14.8,1.72,0.095,0.932,11.912798,0.7832155115198012,GIL
experiments/PipelineParallel_exp2/models/model_11,1,22.660917,44.129002,0.06128,2025-11-01 17:04:51,9.4,125.3,3.12.12,156,2,2,model_11,12,Medium,156,15,14,13.0,1.732,0.141,1.045,22.660917,1.0,GIL
experiments/PipelineParallel_exp2/models/model_11,2,24.120943,41.464828,0.445703,2025-11-01 17:04:58,9.3,125.4,3.12.12,156,2,2,model_11,12,Medium,156,15,14,13.0,1.732,0.141,1.045,22.660917,0.9394706085910489,GIL
experiments/PipelineParallel_exp2/models/model_11,4,25.873114,38.651404,0.207522,2025-11-01 17:05:06,9.6,125.4,3.12.12,156,2,2,model_11,12,Medium,156,15,14,13.0,1.732,0.141,1.045,22.660917,0.8758480714768234,GIL
experiments/PipelineParallel_exp2/models/model_11,8,26.935532,37.127798,0.287557,2025-11-01 17:05:14,9.8,125.3,3.12.12,156,2,2,model_11,12,Medium,156,15,14,13.0,1.732,0.141,1.045,22.660917,0.8413020021286383,GIL
experiments/PipelineParallel_exp2/models/model_11,16,29.594167,33.802756,0.798791,2025-11-01 17:05:23,9.6,125.5,3.12.12,156,2,2,model_11,12,Medium,156,15,14,13.0,1.732,0.141,1.045,22.660917,0.7657224141500588,GIL
experiments/PipelineParallel_exp2/models/model_12,1,16.304222,61.351505,0.391609,2025-11-01 17:05:28,10.0,125.5,3.12.12,114,2,2,model_12,15,Medium,114,14,17,7.6,2.498,0.096,1.009,16.304222,1.0,GIL
experiments/PipelineParallel_exp2/models/model_12,2,16.833925,59.43658,0.558628,2025-11-01 17:05:33,9.5,125.5,3.12.12,114,2,2,model_12,15,Medium,114,14,17,7.6,2.498,0.096,1.009,16.304222,0.9685336010466958,GIL
experiments/PipelineParallel_exp2/models/model_12,4,18.498771,54.061707,0.226767,2025-11-01 17:05:38,9.5,125.4,3.12.12,114,2,2,model_12,15,Medium,114,14,17,7.6,2.498,0.096,1.009,16.304222,0.8813678487073545,GIL
experiments/PipelineParallel_exp2/models/model_12,8,19.666537,50.902853,0.914736,2025-11-01 17:05:44,9.6,125.3,3.12.12,114,2,2,model_12,15,Medium,114,14,17,7.6,2.498,0.096,1.009,16.304222,0.8290337032900097,GIL
experiments/PipelineParallel_exp2/models/model_12,16,22.392598,44.703267,1.012,2025-11-01 17:05:51,9.7,125.7,3.12.12,114,2,2,model_12,15,Medium,114,14,17,7.6,2.498,0.096,1.009,16.304222,0.7281076541453564,GIL
experiments/PipelineParallel_exp2/models/model_13,1,16.463619,60.74094,0.092252,2025-11-01 17:05:56,9.8,125.7,3.12.12,107,2,2,model_13,11,Medium,107,12,13,9.727,1.213,0.112,1.009,16.463619,1.0,GIL
experiments/PipelineParallel_exp2/models/model_13,2,16.193124,61.814637,0.713643,2025-11-01 17:06:01,9.2,125.7,3.12.12,107,2,2,model_13,11,Medium,107,12,13,9.727,1.213,0.112,1.009,16.463619,1.0167043122747654,GIL
experiments/PipelineParallel_exp2/models/model_13,4,18.25306,54.833477,0.764873,2025-11-01 17:06:06,9.4,125.7,3.12.12,107,2,2,model_13,11,Medium,107,12,13,9.727,1.213,0.112,1.009,16.463619,0.9019648760262663,GIL
experiments/PipelineParallel_exp2/models/model_13,8,19.738324,50.663032,0.050923,2025-11-01 17:06:12,9.7,125.7,3.12.12,107,2,2,model_13,11,Medium,107,12,13,9.727,1.213,0.112,1.009,16.463619,0.8340940699929742,GIL
experiments/PipelineParallel_exp2/models/model_13,16,21.670727,46.147672,0.224376,2025-11-01 17:06:19,9.8,125.9,3.12.12,107,2,2,model_13,11,Medium,107,12,13,9.727,1.213,0.112,1.009,16.463619,0.7597169675018287,GIL
experiments/PipelineParallel_exp2/models/model_14,1,27.277999,36.661769,0.298097,2025-11-01 17:06:27,9.4,125.9,3.12.12,184,2,2,model_14,15,Medium,184,16,17,12.267,1.806,0.125,1.065,27.277999,1.0,GIL
experiments/PipelineParallel_exp2/models/model_14,2,27.200395,36.764466,0.108866,2025-11-01 17:06:35,9.4,125.9,3.12.12,184,2,2,model_14,15,Medium,184,16,17,12.267,1.806,0.125,1.065,27.277999,1.0028530468031807,GIL
experiments/PipelineParallel_exp2/models/model_14,4,29.614192,33.770479,0.387115,2025-11-01 17:06:44,9.4,125.9,3.12.12,184,2,2,model_14,15,Medium,184,16,17,12.267,1.806,0.125,1.065,27.277999,0.9211123842244286,GIL
experiments/PipelineParallel_exp2/models/model_14,8,31.054809,32.215388,0.923851,2025-11-01 17:06:53,9.6,126.1,3.12.12,184,2,2,model_14,15,Medium,184,16,17,12.267,1.806,0.125,1.065,27.277999,0.8783824431185522,GIL
experiments/PipelineParallel_exp2/models/model_14,16,33.162577,30.195071,1.719698,2025-11-01 17:07:03,9.6,126.5,3.12.12,184,2,2,model_14,15,Medium,184,16,17,12.267,1.806,0.125,1.065,27.277999,0.8225536573952019,GIL
experiments/PipelineParallel_exp2/models/model_15,1,36.793132,27.19908,1.414297,2025-11-01 17:07:14,9.4,126.9,3.12.12,250,2,2,model_15,20,Medium,250,16,22,12.5,2.086,0.14,1.1,36.793132,1.0,GIL
experiments/PipelineParallel_exp2/models/model_15,2,36.98816,27.042237,0.81461,2025-11-01 17:07:25,9.3,127.0,3.12.12,250,2,2,model_15,20,Medium,250,16,22,12.5,2.086,0.14,1.1,36.793132,0.9947272857043984,GIL
experiments/PipelineParallel_exp2/models/model_15,4,39.479628,25.348605,1.532013,2025-11-01 17:07:37,9.3,127.0,3.12.12,250,2,2,model_15,20,Medium,250,16,22,12.5,2.086,0.14,1.1,36.793132,0.9319523476766296,GIL
experiments/PipelineParallel_exp2/models/model_15,8,39.584984,25.263125,0.355809,2025-11-01 17:07:49,9.4,126.9,3.12.12,250,2,2,model_15,20,Medium,250,16,22,12.5,2.086,0.14,1.1,36.793132,0.9294719431994718,GIL
experiments/PipelineParallel_exp2/models/model_15,16,43.528567,22.984972,1.380093,2025-11-01 17:08:02,9.5,126.9,3.12.12,250,2,2,model_15,20,Medium,250,16,22,12.5,2.086,0.14,1.1,36.793132,0.8452640308604691,GIL
experiments/PipelineParallel_exp2/models/model_16,1,13.962025,71.688471,0.597399,2025-11-01 17:08:06,9.4,126.9,3.12.12,93,2,2,model_16,9,Shallow,93,14,11,10.333,2.108,0.086,1.0,13.962025,1.0,GIL
experiments/PipelineParallel_exp2/models/model_16,2,14.643171,68.294214,0.137117,2025-11-01 17:08:11,9.4,126.9,3.12.12,93,2,2,model_16,9,Shallow,93,14,11,10.333,2.108,0.086,1.0,13.962025,0.9534837092321056,GIL
experiments/PipelineParallel_exp2/models/model_16,4,16.072342,62.229653,0.301755,2025-11-01 17:08:16,9.7,126.9,3.12.12,93,2,2,model_16,9,Shallow,93,14,11,10.333,2.108,0.086,1.0,13.962025,0.8686988492405152,GIL
experiments/PipelineParallel_exp2/models/model_16,8,16.986889,58.903491,0.581891,2025-11-01 17:08:21,9.7,127.0,3.12.12,93,2,2,model_16,9,Shallow,93,14,11,10.333,2.108,0.086,1.0,13.962025,0.8219294892666926,GIL
experiments/PipelineParallel_exp2/models/model_16,16,19.741211,50.665878,0.40048,2025-11-01 17:08:27,9.8,126.9,3.12.12,93,2,2,model_16,9,Shallow,93,14,11,10.333,2.108,0.086,1.0,13.962025,0.7072527110925465,GIL
experiments/PipelineParallel_exp2/models/model_17,1,24.671759,40.538891,0.449154,2025-11-01 17:08:34,9.3,126.9,3.12.12,172,2,2,model_17,20,Medium,172,11,22,8.6,1.497,0.134,1.081,24.671759,1.0,GIL
experiments/PipelineParallel_exp2/models/model_17,2,25.574173,39.102006,0.043631,2025-11-01 17:08:42,9.6,126.9,3.12.12,172,2,2,model_17,20,Medium,172,11,22,8.6,1.497,0.134,1.081,24.671759,0.9647138540902184,GIL
experiments/PipelineParallel_exp2/models/model_17,4,28.800294,34.740565,0.944868,2025-11-01 17:08:51,9.3,126.9,3.12.12,172,2,2,model_17,20,Medium,172,11,22,8.6,1.497,0.134,1.081,24.671759,0.8566495536469176,GIL
experiments/PipelineParallel_exp2/models/model_17,8,27.922819,35.843765,1.156848,2025-11-01 17:08:59,9.4,126.8,3.12.12,172,2,2,model_17,20,Medium,172,11,22,8.6,1.497,0.134,1.081,24.671759,0.8835697785384778,GIL
experiments/PipelineParallel_exp2/models/model_17,16,31.977843,31.276306,0.551668,2025-11-01 17:09:09,9.7,127.0,3.12.12,172,2,2,model_17,20,Medium,172,11,22,8.6,1.497,0.134,1.081,24.671759,0.7715266786443351,GIL
experiments/PipelineParallel_exp2/models/model_18,1,36.475198,27.41589,0.009326,2025-11-01 17:09:20,9.3,127.1,3.12.12,254,2,2,model_18,20,Medium,254,16,22,12.7,1.819,0.165,1.122,36.475198,1.0,GIL
experiments/PipelineParallel_exp2/models/model_18,2,38.177741,26.193434,0.133715,2025-11-01 17:09:31,9.3,127.3,3.12.12,254,2,2,model_18,20,Medium,254,16,22,12.7,1.819,0.165,1.122,36.475198,0.9554048260739157,GIL
experiments/PipelineParallel_exp2/models/model_18,4,40.762024,24.535185,0.587314,2025-11-01 17:09:44,9.4,127.3,3.12.12,254,2,2,model_18,20,Medium,254,16,22,12.7,1.819,0.165,1.122,36.475198,0.8948328473581194,GIL
experiments/PipelineParallel_exp2/models/model_18,8,42.289377,23.647051,0.26117,2025-11-01 17:09:56,9.4,127.6,3.12.12,254,2,2,model_18,20,Medium,254,16,22,12.7,1.819,0.165,1.122,36.475198,0.8625144324069848,GIL
experiments/PipelineParallel_exp2/models/model_18,16,44.990762,22.226971,0.184028,2025-11-01 17:10:10,9.6,127.6,3.12.12,254,2,2,model_18,20,Medium,254,16,22,12.7,1.819,0.165,1.122,36.475198,0.8107263886750796,GIL
experiments/PipelineParallel_exp2/models/model_19,1,24.941929,40.115851,0.839457,2025-11-01 17:10:17,9.2,127.6,3.12.12,170,2,2,model_19,17,Medium,170,13,19,10.0,1.749,0.106,1.059,24.941929,1.0,GIL
experiments/PipelineParallel_exp2/models/model_19,2,26.143919,38.2548,0.422214,2025-11-01 17:10:25,9.5,127.6,3.12.12,170,2,2,model_19,17,Medium,170,13,19,10.0,1.749,0.106,1.059,24.941929,0.9540241078623292,GIL
experiments/PipelineParallel_exp2/models/model_19,4,25.925971,38.571648,0.100068,2025-11-01 17:10:33,9.2,127.6,3.12.12,170,2,2,model_19,17,Medium,170,13,19,10.0,1.749,0.106,1.059,24.941929,0.9620441602746527,GIL
experiments/PipelineParallel_exp2/models/model_19,8,28.174202,35.509287,0.841108,2025-11-01 17:10:41,9.6,127.3,3.12.12,170,2,2,model_19,17,Medium,170,13,19,10.0,1.749,0.106,1.059,24.941929,0.8852754374374117,GIL
experiments/PipelineParallel_exp2/models/model_19,16,31.117489,32.163152,1.272256,2025-11-01 17:10:51,9.4,127.9,3.12.12,170,2,2,model_19,17,Medium,170,13,19,10.0,1.749,0.106,1.059,24.941929,0.8015405420405226,GIL
experiments/PipelineParallel_exp2/models/model_20,1,28.641677,34.914837,0.178721,2025-11-01 17:10:59,9.4,127.9,3.12.12,196,2,2,model_20,20,Medium,196,14,22,9.8,2.293,0.122,1.087,28.641677,1.0,GIL
experiments/PipelineParallel_exp2/models/model_20,2,29.524189,33.876305,0.545036,2025-11-01 17:11:08,9.6,127.9,3.12.12,196,2,2,model_20,20,Medium,196,14,22,9.8,2.293,0.122,1.087,28.641677,0.9701088487138462,GIL
experiments/PipelineParallel_exp2/models/model_20,4,31.110671,32.152018,0.723972,2025-11-01 17:11:17,9.2,127.9,3.12.12,196,2,2,model_20,20,Medium,196,14,22,9.8,2.293,0.122,1.087,28.641677,0.9206383558875989,GIL
experiments/PipelineParallel_exp2/models/model_20,8,32.650212,30.633131,0.616367,2025-11-01 17:11:27,9.5,127.8,3.12.12,196,2,2,model_20,20,Medium,196,14,22,9.8,2.293,0.122,1.087,28.641677,0.8772279028387319,GIL
experiments/PipelineParallel_exp2/models/model_20,16,35.785167,27.944835,0.164559,2025-11-01 17:11:38,9.6,127.9,3.12.12,196,2,2,model_20,20,Medium,196,14,22,9.8,2.293,0.122,1.087,28.641677,0.8003784640714405,GIL
experiments/PipelineParallel_exp2/models/model_21,1,30.763165,32.506581,0.100383,2025-11-01 17:11:47,9.5,127.9,3.12.12,215,2,2,model_21,25,Deep,215,16,27,8.6,3.262,0.149,1.107,30.763165,1.0,GIL
experiments/PipelineParallel_exp2/models/model_21,2,31.132195,32.149441,1.307464,2025-11-01 17:11:56,9.2,127.9,3.12.12,215,2,2,model_21,25,Deep,215,16,27,8.6,3.262,0.149,1.107,30.763165,0.9881463546017234,GIL
experiments/PipelineParallel_exp2/models/model_21,4,35.138551,28.458964,0.129428,2025-11-01 17:12:07,9.4,127.9,3.12.12,215,2,2,model_21,25,Deep,215,16,27,8.6,3.262,0.149,1.107,30.763165,0.8754818888234749,GIL
experiments/PipelineParallel_exp2/models/model_21,8,35.049532,28.558376,1.533226,2025-11-01 17:12:18,9.6,127.9,3.12.12,215,2,2,model_21,25,Deep,215,16,27,8.6,3.262,0.149,1.107,30.763165,0.8777054426860821,GIL
experiments/PipelineParallel_exp2/models/model_21,16,38.405371,26.045345,0.910563,2025-11-01 17:12:29,9.5,127.8,3.12.12,215,2,2,model_21,25,Deep,215,16,27,8.6,3.262,0.149,1.107,30.763165,0.8010120511529494,GIL
experiments/PipelineParallel_exp2/models/model_22,1,49.136823,20.351603,0.251813,2025-11-01 17:12:44,9.4,128.4,3.12.12,336,2,2,model_22,25,Deep,336,19,27,13.44,3.287,0.161,1.11,49.136823,1.0,GIL
experiments/PipelineParallel_exp2/models/model_22,2,49.066564,20.380548,0.129348,2025-11-01 17:12:59,9.3,128.8,3.12.12,336,2,2,model_22,25,Deep,336,19,27,13.44,3.287,0.161,1.11,49.136823,1.0014319119635116,GIL
experiments/PipelineParallel_exp2/models/model_22,4,50.486888,19.816777,1.57593,2025-11-01 17:13:14,9.3,128.8,3.12.12,336,2,2,model_22,25,Deep,336,19,27,13.44,3.287,0.161,1.11,49.136823,0.9732590965004616,GIL
experiments/PipelineParallel_exp2/models/model_22,8,53.269613,18.777466,1.233973,2025-11-01 17:13:30,9.5,129.1,3.12.12,336,2,2,model_22,25,Deep,336,19,27,13.44,3.287,0.161,1.11,49.136823,0.9224174953176401,GIL
experiments/PipelineParallel_exp2/models/model_22,16,56.843765,17.593138,0.623661,2025-11-01 17:13:47,9.4,129.2,3.12.12,336,2,2,model_22,25,Deep,336,19,27,13.44,3.287,0.161,1.11,49.136823,0.8644188681027726,GIL
experiments/PipelineParallel_exp2/models/model_23,1,25.933091,38.5728,0.647639,2025-11-01 17:13:55,9.5,129.2,3.12.12,190,2,2,model_23,23,Deep,190,15,25,8.261,2.847,0.126,1.089,25.933091,1.0,GIL
experiments/PipelineParallel_exp2/models/model_23,2,26.001505,38.478324,0.817376,2025-11-01 17:14:03,9.3,129.2,3.12.12,190,2,2,model_23,23,Deep,190,15,25,8.261,2.847,0.126,1.089,25.933091,0.99736884461111,GIL
experiments/PipelineParallel_exp2/models/model_23,4,29.060318,34.434156,1.06144,2025-11-01 17:14:12,9.4,129.2,3.12.12,190,2,2,model_23,23,Deep,190,15,25,8.261,2.847,0.126,1.089,25.933091,0.8923884108907549,GIL
experiments/PipelineParallel_exp2/models/model_23,8,32.155191,31.108752,0.797777,2025-11-01 17:14:22,9.6,128.9,3.12.12,190,2,2,model_23,23,Deep,190,15,25,8.261,2.847,0.126,1.089,25.933091,0.8064978062173538,GIL
experiments/PipelineParallel_exp2/models/model_23,16,34.409335,29.071343,0.877892,2025-11-01 17:14:32,9.5,129.1,3.12.12,190,2,2,model_23,23,Deep,190,15,25,8.261,2.847,0.126,1.089,25.933091,0.7536644053132675,GIL
experiments/PipelineParallel_exp2/models/model_24,1,32.482555,30.790868,0.591904,2025-11-01 17:14:42,9.3,129.1,3.12.12,226,2,2,model_24,22,Deep,226,12,24,10.273,0.962,0.124,1.084,32.482555,1.0,GIL
experiments/PipelineParallel_exp2/models/model_24,2,32.247618,31.010202,0.103463,2025-11-01 17:14:52,9.4,129.1,3.12.12,226,2,2,model_24,22,Deep,226,12,24,10.273,0.962,0.124,1.084,32.482555,1.0072854063205534,GIL
experiments/PipelineParallel_exp2/models/model_24,4,36.457739,27.429482,0.211865,2025-11-01 17:15:03,9.4,129.1,3.12.12,226,2,2,model_24,22,Deep,226,12,24,10.273,0.962,0.124,1.084,32.482555,0.8909646042504172,GIL
experiments/PipelineParallel_exp2/models/model_24,8,38.189626,26.186877,0.442214,2025-11-01 17:15:14,9.5,129.0,3.12.12,226,2,2,model_24,22,Deep,226,12,24,10.273,0.962,0.124,1.084,32.482555,0.8505596519850706,GIL
experiments/PipelineParallel_exp2/models/model_24,16,39.389099,25.395035,0.944453,2025-11-01 17:15:26,9.6,129.0,3.12.12,226,2,2,model_24,22,Deep,226,12,24,10.273,0.962,0.124,1.084,32.482555,0.8246584924422871,GIL
experiments/PipelineParallel_exp2/models/model_25,1,42.999727,23.259057,0.701554,2025-11-01 17:15:39,9.3,129.1,3.12.12,304,2,2,model_25,30,Deep,304,15,32,10.133,2.156,0.135,1.105,42.999727,1.0,GIL
experiments/PipelineParallel_exp2/models/model_25,2,44.447585,22.499037,0.33184,2025-11-01 17:15:52,9.3,129.1,3.12.12,304,2,2,model_25,30,Deep,304,15,32,10.133,2.156,0.135,1.105,42.999727,0.9674254967958328,GIL
experiments/PipelineParallel_exp2/models/model_25,4,45.58013,21.939408,0.066688,2025-11-01 17:16:06,9.4,129.1,3.12.12,304,2,2,model_25,30,Deep,304,15,32,10.133,2.156,0.135,1.105,42.999727,0.9433875462838742,GIL
experiments/PipelineParallel_exp2/models/model_25,8,48.514883,20.627208,1.848725,2025-11-01 17:16:21,9.4,129.5,3.12.12,304,2,2,model_25,30,Deep,304,15,32,10.133,2.156,0.135,1.105,42.999727,0.8863203277229382,GIL
experiments/PipelineParallel_exp2/models/model_25,16,50.69935,19.732109,1.442793,2025-11-01 17:16:36,9.4,129.3,3.12.12,304,2,2,model_25,30,Deep,304,15,32,10.133,2.156,0.135,1.105,42.999727,0.8481317216098431,GIL
experiments/PipelineParallel_exp2/models/model_26,1,27.627914,36.198085,0.344066,2025-11-01 17:16:44,9.3,129.3,3.12.12,185,2,2,model_26,15,Medium,185,15,17,12.333,1.886,0.103,1.049,27.627914,1.0,GIL
experiments/PipelineParallel_exp2/models/model_26,2,27.612434,36.217846,0.309639,2025-11-01 17:16:53,9.4,129.3,3.12.12,185,2,2,model_26,15,Medium,185,15,17,12.333,1.886,0.103,1.049,27.627914,1.000560617003195,GIL
experiments/PipelineParallel_exp2/models/model_26,4,29.997087,33.365919,1.25816,2025-11-01 17:17:02,9.4,129.3,3.12.12,185,2,2,model_26,15,Medium,185,15,17,12.333,1.886,0.103,1.049,27.627914,0.9210198976987333,GIL
experiments/PipelineParallel_exp2/models/model_26,8,29.930203,33.420833,0.723589,2025-11-01 17:17:11,9.6,129.2,3.12.12,185,2,2,model_26,15,Medium,185,15,17,12.333,1.886,0.103,1.049,27.627914,0.9230780693335091,GIL
experiments/PipelineParallel_exp2/models/model_26,16,31.040233,32.2164,0.093827,2025-11-01 17:17:20,9.4,129.5,3.12.12,185,2,2,model_26,15,Medium,185,15,17,12.333,1.886,0.103,1.049,27.627914,0.8900678677250908,GIL
experiments/PipelineParallel_exp2/models/model_27,1,44.571664,22.447229,1.423622,2025-11-01 17:17:33,9.3,129.5,3.12.12,320,2,2,model_27,30,Deep,320,15,32,10.667,2.226,0.131,1.1,44.571664,1.0,GIL
experiments/PipelineParallel_exp2/models/model_27,2,46.653803,21.438301,0.880831,2025-11-01 17:17:47,9.4,129.6,3.12.12,320,2,2,model_27,30,Deep,320,15,32,10.667,2.226,0.131,1.1,44.571664,0.9553704335743004,GIL
experiments/PipelineParallel_exp2/models/model_27,4,49.320566,20.280075,1.045546,2025-11-01 17:18:02,9.4,129.6,3.12.12,320,2,2,model_27,30,Deep,320,15,32,10.667,2.226,0.131,1.1,44.571664,0.9037135543010597,GIL
experiments/PipelineParallel_exp2/models/model_27,8,49.723938,20.143089,2.805029,2025-11-01 17:18:17,9.3,129.5,3.12.12,320,2,2,model_27,30,Deep,320,15,32,10.667,2.226,0.131,1.1,44.571664,0.8963824224863285,GIL
experiments/PipelineParallel_exp2/models/model_27,16,52.0823,19.201872,0.648952,2025-11-01 17:18:33,9.4,129.5,3.12.12,320,2,2,model_27,30,Deep,320,15,32,10.667,2.226,0.131,1.1,44.571664,0.8557929277316862,GIL
experiments/PipelineParallel_exp2/models/model_28,1,36.070508,27.724564,0.318948,2025-11-01 17:18:43,9.3,129.5,3.12.12,255,2,2,model_28,27,Deep,255,13,29,9.444,1.663,0.118,1.086,36.070508,1.0,GIL
experiments/PipelineParallel_exp2/models/model_28,2,37.533427,26.646709,0.633115,2025-11-01 17:18:55,9.4,129.5,3.12.12,255,2,2,model_28,27,Deep,255,13,29,9.444,1.663,0.118,1.086,36.070508,0.9610235697369173,GIL
experiments/PipelineParallel_exp2/models/model_28,4,41.143251,24.313851,1.089704,2025-11-01 17:19:07,9.4,129.5,3.12.12,255,2,2,model_28,27,Deep,255,13,29,9.444,1.663,0.118,1.086,36.070508,0.8767053434839166,GIL
experiments/PipelineParallel_exp2/models/model_28,8,40.594429,24.633942,0.051459,2025-11-01 17:19:20,9.4,129.5,3.12.12,255,2,2,model_28,27,Deep,255,13,29,9.444,1.663,0.118,1.086,36.070508,0.8885580826866661,GIL
experiments/PipelineParallel_exp2/models/model_28,16,45.551908,21.958976,1.064719,2025-11-01 17:19:33,9.5,129.8,3.12.12,255,2,2,model_28,27,Deep,255,13,29,9.444,1.663,0.118,1.086,36.070508,0.7918550415056159,GIL
experiments/PipelineParallel_exp2/models/model_29,1,54.946946,18.204211,1.266755,2025-11-01 17:19:50,9.4,130.0,3.12.12,389,2,2,model_29,35,Deep,389,14,37,11.114,1.848,0.139,1.113,54.946946,1.0,GIL
experiments/PipelineParallel_exp2/models/model_29,2,55.566475,18.004782,1.689233,2025-11-01 17:20:07,9.3,130.1,3.12.12,389,2,2,model_29,35,Deep,389,14,37,11.114,1.848,0.139,1.113,54.946946,0.9888506694009292,GIL
experiments/PipelineParallel_exp2/models/model_29,4,58.512848,17.090399,0.233267,2025-11-01 17:20:24,9.3,130.1,3.12.12,389,2,2,model_29,35,Deep,389,14,37,11.114,1.848,0.139,1.113,54.946946,0.939057794623157,GIL
experiments/PipelineParallel_exp2/models/model_29,8,62.422894,16.020464,0.583846,2025-11-01 17:20:43,9.5,130.0,3.12.12,389,2,2,model_29,35,Deep,389,14,37,11.114,1.848,0.139,1.113,54.946946,0.8802370809658392,GIL
experiments/PipelineParallel_exp2/models/model_29,16,65.017397,15.380501,0.03386,2025-11-01 17:21:03,9.4,130.0,3.12.12,389,2,2,model_29,35,Deep,389,14,37,11.114,1.848,0.139,1.113,54.946946,0.8451114399427586,GIL
experiments/PipelineParallel_exp2/models/model_30,1,20.220582,49.485725,0.717634,2025-11-01 17:21:09,9.1,130.0,3.12.12,133,2,2,model_30,11,Medium,133,16,13,12.091,2.353,0.135,1.068,20.220582,1.0,GIL
experiments/PipelineParallel_exp2/models/model_30,2,20.237587,49.421677,0.379129,2025-11-01 17:21:15,9.6,130.0,3.12.12,133,2,2,model_30,11,Medium,133,16,13,12.091,2.353,0.135,1.068,20.220582,0.9991597318395715,GIL
experiments/PipelineParallel_exp2/models/model_30,4,20.871953,47.922062,0.444673,2025-11-01 17:21:21,9.3,130.0,3.12.12,133,2,2,model_30,11,Medium,133,16,13,12.091,2.353,0.135,1.068,20.220582,0.9687920435619991,GIL
experiments/PipelineParallel_exp2/models/model_30,8,23.068015,43.37059,0.709653,2025-11-01 17:21:28,9.5,130.6,3.12.12,133,2,2,model_30,11,Medium,133,16,13,12.091,2.353,0.135,1.068,20.220582,0.8765635881544208,GIL
experiments/PipelineParallel_exp2/models/model_30,16,26.101006,38.329121,0.764017,2025-11-01 17:21:36,9.8,130.5,3.12.12,133,2,2,model_30,11,Medium,133,16,13,12.091,2.353,0.135,1.068,20.220582,0.774705082248554,GIL
experiments/PipelineParallel_exp2/models/model_1,1,5061.264657,0.197579,0.694025,2025-10-29 13:53:58,3.1,122.7,3.12.12,56,2,2,model_1,5,Shallow,56,13,7,11.2,1.166,0.089,0.911,5061.264657,1.0,noGIL
experiments/PipelineParallel_exp2/models/model_1,2,2586.195659,0.386668,0.215429,2025-10-29 14:06:54,3.2,122.9,3.12.12,56,2,2,model_1,5,Shallow,56,13,7,11.2,1.166,0.089,0.911,5061.264657,1.9570308377043022,noGIL
experiments/PipelineParallel_exp2/models/model_1,4,1296.14285,0.77152,0.995433,2025-10-29 14:13:23,3.3,123.1,3.12.12,56,2,2,model_1,5,Shallow,56,13,7,11.2,1.166,0.089,0.911,5061.264657,3.9048663941632666,noGIL
experiments/PipelineParallel_exp2/models/model_1,8,747.430193,1.337918,0.51622,2025-10-29 14:17:07,3.6,123.6,3.12.12,56,2,2,model_1,5,Shallow,56,13,7,11.2,1.166,0.089,0.911,5061.264657,6.771554995236859,noGIL
experiments/PipelineParallel_exp2/models/model_1,16,546.746298,1.829002,0.43248,2025-10-29 14:19:51,3.9,124.0,3.12.12,56,2,2,model_1,5,Shallow,56,13,7,11.2,1.166,0.089,0.911,5061.264657,9.257062508725024,noGIL
experiments/PipelineParallel_exp2/models/model_2,1,5491.323063,0.182105,0.071283,2025-10-29 14:47:18,3.1,124.0,3.12.12,58,2,2,model_2,5,Shallow,58,12,7,11.6,0.49,0.121,0.914,5491.323063,1.0,noGIL
experiments/PipelineParallel_exp2/models/model_2,2,2801.18141,0.356992,0.213536,2025-10-29 15:01:18,3.2,124.0,3.12.12,58,2,2,model_2,5,Shallow,58,12,7,11.6,0.49,0.121,0.914,5491.323063,1.9603596694581804,noGIL
experiments/PipelineParallel_exp2/models/model_2,4,1403.413685,0.712548,0.100736,2025-10-29 15:08:19,3.3,123.9,3.12.12,58,2,2,model_2,5,Shallow,58,12,7,11.6,0.49,0.121,0.914,5491.323063,3.9128327746070113,noGIL
experiments/PipelineParallel_exp2/models/model_2,8,758.99774,1.317528,0.984862,2025-10-29 15:12:07,3.6,123.5,3.12.12,58,2,2,model_2,5,Shallow,58,12,7,11.6,0.49,0.121,0.914,5491.323063,7.234966289886449,noGIL
experiments/PipelineParallel_exp2/models/model_2,16,546.571774,1.829586,0.054067,2025-10-29 15:14:51,3.9,124.2,3.12.12,58,2,2,model_2,5,Shallow,58,12,7,11.6,0.49,0.121,0.914,5491.323063,10.04684713740816,noGIL
experiments/PipelineParallel_exp2/models/model_3,1,4954.548837,0.201835,0.778767,2025-10-29 15:39:37,3.1,124.2,3.12.12,56,2,2,model_3,5,Shallow,56,12,7,11.2,0.748,0.125,0.929,4954.548837,1.0,noGIL
experiments/PipelineParallel_exp2/models/model_3,2,2482.740659,0.402781,0.53035,2025-10-29 15:52:02,3.3,124.1,3.12.12,56,2,2,model_3,5,Shallow,56,12,7,11.2,0.748,0.125,0.929,4954.548837,1.9955966077405751,noGIL
experiments/PipelineParallel_exp2/models/model_3,4,1293.939032,0.772834,0.164767,2025-10-29 15:58:31,3.3,123.6,3.12.12,56,2,2,model_3,5,Shallow,56,12,7,11.2,0.748,0.125,0.929,4954.548837,3.8290434977774135,noGIL
experiments/PipelineParallel_exp2/models/model_3,8,682.300528,1.465706,6.946246,2025-10-29 16:01:55,4.4,124.1,3.12.12,56,2,2,model_3,5,Shallow,56,12,7,11.2,0.748,0.125,0.929,4954.548837,7.261534519873624,noGIL
experiments/PipelineParallel_exp2/models/model_3,16,546.685905,1.829204,0.423922,2025-10-29 16:04:39,3.9,124.4,3.12.12,56,2,2,model_3,5,Shallow,56,12,7,11.2,0.748,0.125,0.929,4954.548837,9.062880150531775,noGIL
experiments/PipelineParallel_exp2/models/model_4,1,10662.863492,0.093783,3.542688,2025-10-29 16:57:58,3.5,124.8,3.12.12,119,2,2,model_4,9,Shallow,119,15,11,13.222,1.133,0.134,1.008,10662.863492,1.0,noGIL
experiments/PipelineParallel_exp2/models/model_4,2,5387.550007,0.185613,0.207424,2025-10-29 17:24:54,3.2,124.8,3.12.12,119,2,2,model_4,9,Shallow,119,15,11,13.222,1.133,0.134,1.008,10662.863492,1.9791674282643927,noGIL
experiments/PipelineParallel_exp2/models/model_4,4,2698.168624,0.370622,0.583287,2025-10-29 17:38:24,3.3,124.5,3.12.12,119,2,2,model_4,9,Shallow,119,15,11,13.222,1.133,0.134,1.008,10662.863492,3.9518892174323947,noGIL
experiments/PipelineParallel_exp2/models/model_4,8,1407.27081,0.710596,1.539963,2025-10-29 17:45:26,3.6,124.9,3.12.12,119,2,2,model_4,9,Shallow,119,15,11,13.222,1.133,0.134,1.008,10662.863492,7.576980504555481,noGIL
experiments/PipelineParallel_exp2/models/model_4,16,979.759152,1.020659,0.750418,2025-10-29 17:50:20,3.9,124.8,3.12.12,119,2,2,model_4,9,Shallow,119,15,11,13.222,1.133,0.134,1.008,10662.863492,10.8831476289185,noGIL
experiments/PipelineParallel_exp2/models/model_5,1,1939.444274,0.515612,0.670419,2025-10-29 18:00:02,3.0,124.9,3.12.12,20,2,2,model_5,2,Shallow,20,11,4,10.0,1.0,0.0,0.55,1939.444274,1.0,noGIL
experiments/PipelineParallel_exp2/models/model_5,2,972.599253,1.028173,0.139763,2025-10-29 18:04:54,3.1,124.9,3.12.12,20,2,2,model_5,2,Shallow,20,11,4,10.0,1.0,0.0,0.55,1939.444274,1.9940836557479857,noGIL
experiments/PipelineParallel_exp2/models/model_5,4,540.659598,1.849593,0.150558,2025-10-29 18:07:36,3.3,124.6,3.12.12,20,2,2,model_5,2,Shallow,20,11,4,10.0,1.0,0.0,0.55,1939.444274,3.587181807507651,noGIL
experiments/PipelineParallel_exp2/models/model_5,8,325.839248,3.068998,0.147385,2025-10-29 18:09:14,3.6,125.1,3.12.12,20,2,2,model_5,2,Shallow,20,11,4,10.0,1.0,0.0,0.55,1939.444274,5.952150595437171,noGIL
experiments/PipelineParallel_exp2/models/model_5,16,219.899795,4.547529,0.239791,2025-10-29 18:10:20,3.8,125.2,3.12.12,20,2,2,model_5,2,Shallow,20,11,4,10.0,1.0,0.0,0.55,1939.444274,8.819672951491382,noGIL
experiments/PipelineParallel_exp2/models/model_6,1,8719.796365,0.114682,0.445007,2025-10-29 18:53:56,3.0,125.2,3.12.12,93,2,2,model_6,8,Shallow,93,13,10,11.625,0.696,0.14,1.0,8719.796365,1.0,noGIL
experiments/PipelineParallel_exp2/models/model_6,2,4417.037548,0.226396,0.689646,2025-10-29 19:16:01,3.1,124.8,3.12.12,93,2,2,model_6,8,Shallow,93,13,10,11.625,0.696,0.14,1.0,8719.796365,1.974127742914084,noGIL
experiments/PipelineParallel_exp2/models/model_6,4,2261.40809,0.442202,0.487725,2025-10-29 19:27:20,3.3,124.8,3.12.12,93,2,2,model_6,8,Shallow,93,13,10,11.625,0.696,0.14,1.0,8719.796365,3.855914553219804,noGIL
experiments/PipelineParallel_exp2/models/model_6,8,1187.536708,0.84208,1.118907,2025-10-29 19:33:16,3.6,124.8,3.12.12,93,2,2,model_6,8,Shallow,93,13,10,11.625,0.696,0.14,1.0,8719.796365,7.342759433251977,noGIL
experiments/PipelineParallel_exp2/models/model_6,16,871.220958,1.147814,0.170007,2025-10-29 19:37:37,3.9,125.4,3.12.12,93,2,2,model_6,8,Shallow,93,13,10,11.625,0.696,0.14,1.0,8719.796365,10.008708221410808,noGIL
experiments/PipelineParallel_exp2/models/model_7,1,5816.848843,0.171914,1.483097,2025-10-29 20:06:42,3.0,125.2,3.12.12,62,2,2,model_7,5,Shallow,62,14,7,12.4,1.02,0.161,0.935,5816.848843,1.0,noGIL
experiments/PipelineParallel_exp2/models/model_7,2,2914.053889,0.343165,0.484548,2025-10-29 20:21:16,3.1,124.7,3.12.12,62,2,2,model_7,5,Shallow,62,14,7,12.4,1.02,0.161,0.935,5816.848843,1.996136332604383,noGIL
experiments/PipelineParallel_exp2/models/model_7,4,1510.125365,0.662197,1.33241,2025-10-29 20:28:49,3.3,124.6,3.12.12,62,2,2,model_7,5,Shallow,62,14,7,12.4,1.02,0.161,0.935,5816.848843,3.8518979800064477,noGIL
experiments/PipelineParallel_exp2/models/model_7,8,763.925269,1.309029,0.740538,2025-10-29 20:32:38,3.7,125.0,3.12.12,62,2,2,model_7,5,Shallow,62,14,7,12.4,1.02,0.161,0.935,5816.848843,7.614421304081774,noGIL
experiments/PipelineParallel_exp2/models/model_7,16,547.416025,1.826765,0.633477,2025-10-29 20:35:22,4.0,125.3,3.12.12,62,2,2,model_7,5,Shallow,62,14,7,12.4,1.02,0.161,0.935,5816.848843,10.626011255333637,noGIL
experiments/PipelineParallel_exp2/models/model_8,1,7860.774386,0.127214,2.051294,2025-10-29 21:14:41,3.0,125.1,3.12.12,90,2,2,model_8,6,Shallow,90,17,8,15.0,1.155,0.156,1.0,7860.774386,1.0,noGIL
experiments/PipelineParallel_exp2/models/model_8,2,3987.051414,0.250812,0.386182,2025-10-29 21:34:37,3.1,125.3,3.12.12,90,2,2,model_8,6,Shallow,90,17,8,15.0,1.155,0.156,1.0,7860.774386,1.9715758764479279,noGIL
experiments/PipelineParallel_exp2/models/model_8,4,2046.981632,0.488524,1.050869,2025-10-29 21:44:51,3.3,125.0,3.12.12,90,2,2,model_8,6,Shallow,90,17,8,15.0,1.155,0.156,1.0,7860.774386,3.84017827180972,noGIL
experiments/PipelineParallel_exp2/models/model_8,8,1080.920974,0.925137,0.569791,2025-10-29 21:50:15,3.6,125.0,3.12.12,90,2,2,model_8,6,Shallow,90,17,8,15.0,1.155,0.156,1.0,7860.774386,7.272293326783019,noGIL
experiments/PipelineParallel_exp2/models/model_8,16,655.394009,1.525803,1.355217,2025-10-29 21:53:32,4.0,125.1,3.12.12,90,2,2,model_8,6,Shallow,90,17,8,15.0,1.155,0.156,1.0,7860.774386,11.993967412051825,noGIL
experiments/PipelineParallel_exp2/models/model_9,1,6031.431379,0.165798,0.556932,2025-10-29 22:23:41,3.0,125.0,3.12.12,66,2,2,model_9,5,Shallow,66,15,7,13.2,2.227,0.091,0.924,6031.431379,1.0,noGIL
experiments/PipelineParallel_exp2/models/model_9,2,3020.043728,0.331121,0.328989,2025-10-29 22:38:47,3.1,124.9,3.12.12,66,2,2,model_9,5,Shallow,66,15,7,13.2,2.227,0.091,0.924,6031.431379,1.9971337908389384,noGIL
experiments/PipelineParallel_exp2/models/model_9,4,1513.141898,0.660877,1.564833,2025-10-29 22:46:21,3.3,124.7,3.12.12,66,2,2,model_9,5,Shallow,66,15,7,13.2,2.227,0.091,0.924,6031.431379,3.9860315724335322,noGIL
experiments/PipelineParallel_exp2/models/model_9,8,857.882332,1.165669,3.203468,2025-10-29 22:50:38,3.6,125.0,3.12.12,66,2,2,model_9,5,Shallow,66,15,7,13.2,2.227,0.091,0.924,6031.431379,7.0306044943702135,noGIL
experiments/PipelineParallel_exp2/models/model_9,16,546.646381,1.829337,0.425769,2025-10-29 22:53:22,4.0,125.2,3.12.12,66,2,2,model_9,5,Shallow,66,15,7,13.2,2.227,0.091,0.924,6031.431379,11.033515611987559,noGIL
experiments/PipelineParallel_exp2/models/model_10,1,6784.621624,0.147392,0.327687,2025-10-29 23:27:17,3.0,125.1,3.12.12,74,2,2,model_10,5,Shallow,74,17,7,14.8,1.72,0.095,0.932,6784.621624,1.0,noGIL
experiments/PipelineParallel_exp2/models/model_10,2,3446.729235,0.29013,0.038816,2025-10-29 23:44:31,3.2,124.9,3.12.12,74,2,2,model_10,5,Shallow,74,17,7,14.8,1.72,0.095,0.932,6784.621624,1.9684231517536075,noGIL
experiments/PipelineParallel_exp2/models/model_10,4,1727.104764,0.579004,0.306665,2025-10-29 23:53:09,3.3,125.1,3.12.12,74,2,2,model_10,5,Shallow,74,17,7,14.8,1.72,0.095,0.932,6784.621624,3.928320832308237,noGIL
experiments/PipelineParallel_exp2/models/model_10,8,881.860632,1.133967,1.413583,2025-10-29 23:57:34,3.7,125.1,3.12.12,74,2,2,model_10,5,Shallow,74,17,7,14.8,1.72,0.095,0.932,6784.621624,7.693530448924723,noGIL
experiments/PipelineParallel_exp2/models/model_10,16,547.991731,1.824845,0.192579,2025-10-30 00:00:19,4.1,125.2,3.12.12,74,2,2,model_10,5,Shallow,74,17,7,14.8,1.72,0.095,0.932,6784.621624,12.38088321445858,noGIL
experiments/PipelineParallel_exp2/models/model_11,1,14535.835724,0.068795,0.241038,2025-10-30 01:12:59,3.0,125.5,3.12.12,156,2,2,model_11,12,Medium,156,15,14,13.0,1.732,0.141,1.045,14535.835724,1.0,noGIL
experiments/PipelineParallel_exp2/models/model_11,2,7322.160621,0.136572,0.978047,2025-10-30 01:49:36,3.1,125.4,3.12.12,156,2,2,model_11,12,Medium,156,15,14,13.0,1.732,0.141,1.045,14535.835724,1.9851839472506432,noGIL
experiments/PipelineParallel_exp2/models/model_11,4,3667.721133,0.272649,0.292622,2025-10-30 02:07:56,3.3,125.4,3.12.12,156,2,2,model_11,12,Medium,156,15,14,13.0,1.732,0.141,1.045,14535.835724,3.9631790959282838,noGIL
experiments/PipelineParallel_exp2/models/model_11,8,1879.712749,0.531996,1.693528,2025-10-30 02:17:20,3.6,125.5,3.12.12,156,2,2,model_11,12,Medium,156,15,14,13.0,1.732,0.141,1.045,14535.835724,7.733009063077861,noGIL
experiments/PipelineParallel_exp2/models/model_11,16,1306.821285,0.765216,0.436263,2025-10-30 02:23:52,4.0,125.8,3.12.12,156,2,2,model_11,12,Medium,156,15,14,13.0,1.732,0.141,1.045,14535.835724,11.123047880261607,noGIL
experiments/PipelineParallel_exp2/models/model_12,1,9475.207439,0.105539,2.673392,2025-10-30 03:11:15,3.0,125.6,3.12.12,114,2,2,model_12,15,Medium,114,14,17,7.6,2.498,0.096,1.009,9475.207439,1.0,noGIL
experiments/PipelineParallel_exp2/models/model_12,2,4744.738054,0.21076,1.599113,2025-10-30 03:34:58,3.1,125.5,3.12.12,114,2,2,model_12,15,Medium,114,14,17,7.6,2.498,0.096,1.009,9475.207439,1.9969927383055484,noGIL
experiments/PipelineParallel_exp2/models/model_12,4,2379.361496,0.420281,0.755422,2025-10-30 03:46:52,3.3,125.4,3.12.12,114,2,2,model_12,15,Medium,114,14,17,7.6,2.498,0.096,1.009,9475.207439,3.982247949682716,noGIL
experiments/PipelineParallel_exp2/models/model_12,8,1624.146311,0.615708,0.287215,2025-10-30 03:54:59,3.5,125.9,3.12.12,114,2,2,model_12,15,Medium,114,14,17,7.6,2.498,0.096,1.009,9475.207439,5.833961740285601,noGIL
experiments/PipelineParallel_exp2/models/model_12,16,1517.647518,0.658915,2.291063,2025-10-30 04:02:35,3.5,125.6,3.12.12,114,2,2,model_12,15,Medium,114,14,17,7.6,2.498,0.096,1.009,9475.207439,6.243351849899049,noGIL
experiments/PipelineParallel_exp2/models/model_13,1,9689.291646,0.103207,1.894516,2025-10-30 04:51:02,3.0,125.6,3.12.12,107,2,2,model_13,11,Medium,107,12,13,9.727,1.213,0.112,1.009,9689.291646,1.0,noGIL
experiments/PipelineParallel_exp2/models/model_13,2,4853.58433,0.206033,0.302978,2025-10-30 05:15:18,3.1,125.4,3.12.12,107,2,2,model_13,11,Medium,107,12,13,9.727,1.213,0.112,1.009,9689.291646,1.9963167397979464,noGIL
experiments/PipelineParallel_exp2/models/model_13,4,2481.86352,0.402923,0.500123,2025-10-30 05:27:42,3.3,125.4,3.12.12,107,2,2,model_13,11,Medium,107,12,13,9.727,1.213,0.112,1.009,9689.291646,3.9040388675361166,noGIL
experiments/PipelineParallel_exp2/models/model_13,8,1357.73253,0.736525,3.778893,2025-10-30 05:34:29,3.6,125.6,3.12.12,107,2,2,model_13,11,Medium,107,12,13,9.727,1.213,0.112,1.009,9689.291646,7.136377329045803,noGIL
experiments/PipelineParallel_exp2/models/model_13,16,1193.721962,0.837716,0.478998,2025-10-30 05:40:27,3.7,126.1,3.12.12,107,2,2,model_13,11,Medium,107,12,13,9.727,1.213,0.112,1.009,9689.291646,8.116874745075688,noGIL
experiments/PipelineParallel_exp2/models/model_14,1,16364.995212,0.061106,0.767488,2025-10-30 07:02:17,3.0,126.2,3.12.12,184,2,2,model_14,15,Medium,184,16,17,12.267,1.806,0.125,1.065,16364.995212,1.0,noGIL
experiments/PipelineParallel_exp2/models/model_14,2,8194.209636,0.122037,1.958554,2025-10-30 07:43:15,3.2,126.2,3.12.12,184,2,2,model_14,15,Medium,184,16,17,12.267,1.806,0.125,1.065,16364.995212,1.9971413887317344,noGIL
experiments/PipelineParallel_exp2/models/model_14,4,4103.446836,0.243698,0.049188,2025-10-30 08:03:46,3.3,126.1,3.12.12,184,2,2,model_14,15,Medium,184,16,17,12.267,1.806,0.125,1.065,16364.995212,3.9881094762647,noGIL
experiments/PipelineParallel_exp2/models/model_14,8,2152.190731,0.464643,0.789444,2025-10-30 08:14:32,3.6,126.2,3.12.12,184,2,2,model_14,15,Medium,184,16,17,12.267,1.806,0.125,1.065,16364.995212,7.603877749439112,noGIL
experiments/PipelineParallel_exp2/models/model_14,16,1629.885364,0.61354,0.698457,2025-10-30 08:22:40,3.9,126.4,3.12.12,184,2,2,model_14,15,Medium,184,16,17,12.267,1.806,0.125,1.065,16364.995212,10.040580505513393,noGIL
experiments/PipelineParallel_exp2/models/model_15,1,22401.861534,0.044639,1.327379,2025-10-30 10:14:41,3.1,126.8,3.12.12,250,2,2,model_15,20,Medium,250,16,22,12.5,2.086,0.14,1.1,22401.861534,1.0,noGIL
experiments/PipelineParallel_exp2/models/model_15,2,11217.689347,0.089145,1.827068,2025-10-30 11:10:46,3.2,127.3,3.12.12,250,2,2,model_15,20,Medium,250,16,22,12.5,2.086,0.14,1.1,22401.861534,1.997012115511207,noGIL
experiments/PipelineParallel_exp2/models/model_15,4,5616.842682,0.178036,3.187671,2025-10-30 11:38:52,3.3,127.1,3.12.12,250,2,2,model_15,20,Medium,250,16,22,12.5,2.086,0.14,1.1,22401.861534,3.988337007513147,noGIL
experiments/PipelineParallel_exp2/models/model_15,8,2939.360927,0.340212,8.866902,2025-10-30 11:53:34,3.7,127.1,3.12.12,250,2,2,model_15,20,Medium,250,16,22,12.5,2.086,0.14,1.1,22401.861534,7.6213374574806,noGIL
experiments/PipelineParallel_exp2/models/model_15,16,2170.756681,0.460669,0.234492,2025-10-30 12:04:25,3.9,127.3,3.12.12,250,2,2,model_15,20,Medium,250,16,22,12.5,2.086,0.14,1.1,22401.861534,10.319839957226417,noGIL
experiments/PipelineParallel_exp2/models/model_16,1,8506.860577,0.117552,0.405172,2025-10-30 12:46:57,3.0,127.2,3.12.12,93,2,2,model_16,9,Shallow,93,14,11,10.333,2.108,0.086,1.0,8506.860577,1.0,noGIL
experiments/PipelineParallel_exp2/models/model_16,2,4309.1568,0.232064,0.341109,2025-10-30 13:08:30,3.1,127.2,3.12.12,93,2,2,model_16,9,Shallow,93,14,11,10.333,2.108,0.086,1.0,8506.860577,1.9741357699028264,noGIL
experiments/PipelineParallel_exp2/models/model_16,4,2159.742599,0.463018,0.079262,2025-10-30 13:19:18,3.3,126.9,3.12.12,93,2,2,model_16,9,Shallow,93,14,11,10.333,2.108,0.086,1.0,8506.860577,3.938830757396196,noGIL
experiments/PipelineParallel_exp2/models/model_16,8,1195.473641,0.836489,0.014573,2025-10-30 13:25:17,3.6,127.0,3.12.12,93,2,2,model_16,9,Shallow,93,14,11,10.333,2.108,0.086,1.0,8506.860577,7.115891379992375,noGIL
experiments/PipelineParallel_exp2/models/model_16,16,978.933264,1.02152,0.146537,2025-10-30 13:30:10,3.8,127.3,3.12.12,93,2,2,model_16,9,Shallow,93,14,11,10.333,2.108,0.086,1.0,8506.860577,8.689929017469774,noGIL
experiments/PipelineParallel_exp2/models/model_17,1,15074.717772,0.066336,0.938776,2025-10-30 14:45:33,3.0,127.2,3.12.12,172,2,2,model_17,20,Medium,172,11,22,8.6,1.497,0.134,1.081,15074.717772,1.0,noGIL
experiments/PipelineParallel_exp2/models/model_17,2,7551.579594,0.132423,0.758057,2025-10-30 15:23:18,3.1,127.1,3.12.12,172,2,2,model_17,20,Medium,172,11,22,8.6,1.497,0.134,1.081,15074.717772,1.996233713007197,noGIL
experiments/PipelineParallel_exp2/models/model_17,4,3796.30005,0.263415,5.06214,2025-10-30 15:42:17,3.7,126.9,3.12.12,172,2,2,model_17,20,Medium,172,11,22,8.6,1.497,0.134,1.081,15074.717772,3.9708973404249224,noGIL
experiments/PipelineParallel_exp2/models/model_17,8,2331.476236,0.428913,1.154391,2025-10-30 15:53:57,3.6,127.2,3.12.12,172,2,2,model_17,20,Medium,172,11,22,8.6,1.497,0.134,1.081,15074.717772,6.465739405460533,noGIL
experiments/PipelineParallel_exp2/models/model_17,16,2171.327795,0.460548,1.256172,2025-10-30 16:04:48,4.0,127.6,3.12.12,172,2,2,model_17,20,Medium,172,11,22,8.6,1.497,0.134,1.081,15074.717772,6.942626445768866,noGIL
experiments/PipelineParallel_exp2/models/model_18,1,23260.491111,0.042991,2.150885,2025-10-30 18:01:07,3.1,127.7,3.12.12,254,2,2,model_18,20,Medium,254,16,22,12.7,1.819,0.165,1.122,23260.491111,1.0,noGIL
experiments/PipelineParallel_exp2/models/model_18,2,11647.780131,0.085853,1.744681,2025-10-30 18:59:21,3.1,127.7,3.12.12,254,2,2,model_18,20,Medium,254,16,22,12.7,1.819,0.165,1.122,23260.491111,1.9969891987481232,noGIL
experiments/PipelineParallel_exp2/models/model_18,4,5832.784754,0.171445,0.955557,2025-10-30 19:28:31,3.3,127.5,3.12.12,254,2,2,model_18,20,Medium,254,16,22,12.7,1.819,0.165,1.122,23260.491111,3.9878877915130415,noGIL
experiments/PipelineParallel_exp2/models/model_18,8,3067.723015,0.325975,2.263803,2025-10-30 19:43:51,3.6,127.6,3.12.12,254,2,2,model_18,20,Medium,254,16,22,12.7,1.819,0.165,1.122,23260.491111,7.5823309331595565,noGIL
experiments/PipelineParallel_exp2/models/model_18,16,2181.977694,0.4583,1.868985,2025-10-30 19:54:45,3.9,127.4,3.12.12,254,2,2,model_18,20,Medium,254,16,22,12.7,1.819,0.165,1.122,23260.491111,10.660279055538318,noGIL
experiments/PipelineParallel_exp2/models/model_19,1,15403.128352,0.064922,1.804122,2025-10-30 21:11:46,3.0,127.4,3.12.12,170,2,2,model_19,17,Medium,170,13,19,10.0,1.749,0.106,1.059,15403.128352,1.0,noGIL
experiments/PipelineParallel_exp2/models/model_19,2,7760.08657,0.128865,0.095078,2025-10-30 21:50:34,3.1,127.6,3.12.12,170,2,2,model_19,17,Medium,170,13,19,10.0,1.749,0.106,1.059,15403.128352,1.9849170770268867,noGIL
experiments/PipelineParallel_exp2/models/model_19,4,3889.30534,0.257115,1.19058,2025-10-30 22:10:01,3.3,127.2,3.12.12,170,2,2,model_19,17,Medium,170,13,19,10.0,1.749,0.106,1.059,15403.128352,3.960380326426107,noGIL
experiments/PipelineParallel_exp2/models/model_19,8,2132.284791,0.468987,10.790596,2025-10-30 22:20:40,3.6,127.8,3.12.12,170,2,2,model_19,17,Medium,170,13,19,10.0,1.749,0.106,1.059,15403.128352,7.223766926919848,noGIL
experiments/PipelineParallel_exp2/models/model_19,16,1844.609323,0.54212,0.135296,2025-10-30 22:29:54,3.7,127.8,3.12.12,170,2,2,model_19,17,Medium,170,13,19,10.0,1.749,0.106,1.059,15403.128352,8.350347230680239,noGIL
experiments/PipelineParallel_exp2/models/model_20,1,17015.421852,0.05877,1.085006,2025-10-30 23:54:59,3.0,127.6,3.12.12,196,2,2,model_20,20,Medium,196,14,22,9.8,2.293,0.122,1.087,17015.421852,1.0,noGIL
experiments/PipelineParallel_exp2/models/model_20,2,8520.986125,0.117357,1.248695,2025-10-31 00:37:35,3.1,127.6,3.12.12,196,2,2,model_20,20,Medium,196,14,22,9.8,2.293,0.122,1.087,17015.421852,1.996884116743002,noGIL
experiments/PipelineParallel_exp2/models/model_20,4,4316.854737,0.23165,0.149672,2025-10-31 00:59:10,3.4,127.5,3.12.12,196,2,2,model_20,20,Medium,196,14,22,9.8,2.293,0.122,1.087,17015.421852,3.9416248376763483,noGIL
experiments/PipelineParallel_exp2/models/model_20,8,2394.324877,0.417654,0.330536,2025-10-31 01:11:08,3.6,127.7,3.12.12,196,2,2,model_20,20,Medium,196,14,22,9.8,2.293,0.122,1.087,17015.421852,7.106563530893807,noGIL
experiments/PipelineParallel_exp2/models/model_20,16,2166.318706,0.461613,0.537172,2025-10-31 01:21:58,3.7,127.5,3.12.12,196,2,2,model_20,20,Medium,196,14,22,9.8,2.293,0.122,1.087,17015.421852,7.85453304025525,noGIL
experiments/PipelineParallel_exp2/models/model_21,1,18628.579781,0.053681,2.717259,2025-10-31 02:55:07,3.0,128.0,3.12.12,215,2,2,model_21,25,Deep,215,16,27,8.6,3.262,0.149,1.107,18628.579781,1.0,noGIL
experiments/PipelineParallel_exp2/models/model_21,2,9372.584754,0.106694,0.734182,2025-10-31 03:41:58,3.1,127.9,3.12.12,215,2,2,model_21,25,Deep,215,16,27,8.6,3.262,0.149,1.107,18628.579781,1.987560557726593,noGIL
experiments/PipelineParallel_exp2/models/model_21,4,4741.739159,0.210893,0.283198,2025-10-31 04:05:41,3.3,127.9,3.12.12,215,2,2,model_21,25,Deep,215,16,27,8.6,3.262,0.149,1.107,18628.579781,3.9286386611212585,noGIL
experiments/PipelineParallel_exp2/models/model_21,8,2930.632088,0.341223,1.052479,2025-10-31 04:20:20,3.5,127.9,3.12.12,215,2,2,model_21,25,Deep,215,16,27,8.6,3.262,0.149,1.107,18628.579781,6.356505771324238,noGIL
experiments/PipelineParallel_exp2/models/model_21,16,2599.223807,0.38473,0.918079,2025-10-31 04:33:20,3.6,127.9,3.12.12,215,2,2,model_21,25,Deep,215,16,27,8.6,3.262,0.149,1.107,18628.579781,7.166977976590994,noGIL
experiments/PipelineParallel_exp2/models/model_22,1,30040.9877,0.033288,2.701523,2025-10-31 07:03:33,3.0,128.5,3.12.12,336,2,2,model_22,25,Deep,336,19,27,13.44,3.287,0.161,1.11,30040.9877,1.0,noGIL
experiments/PipelineParallel_exp2/models/model_22,2,15084.926001,0.066291,0.497576,2025-10-31 08:18:58,3.1,128.8,3.12.12,336,2,2,model_22,25,Deep,336,19,27,13.44,3.287,0.161,1.11,30040.9877,1.9914574123869446,noGIL
experiments/PipelineParallel_exp2/models/model_22,4,7551.284439,0.132428,0.185575,2025-10-31 08:56:44,3.3,128.9,3.12.12,336,2,2,model_22,25,Deep,336,19,27,13.44,3.287,0.161,1.11,30040.9877,3.978261968897342,noGIL
experiments/PipelineParallel_exp2/models/model_22,8,3809.708808,0.262487,1.341453,2025-10-31 09:15:47,3.7,128.9,3.12.12,336,2,2,model_22,25,Deep,336,19,27,13.44,3.287,0.161,1.11,30040.9877,7.885376340815601,noGIL
experiments/PipelineParallel_exp2/models/model_22,16,2713.5664,0.368519,0.551684,2025-10-31 09:29:21,3.9,129.3,3.12.12,336,2,2,model_22,25,Deep,336,19,27,13.44,3.287,0.161,1.11,30040.9877,11.070666153590345,noGIL
experiments/PipelineParallel_exp2/models/model_23,1,15614.703757,0.064042,0.645087,2025-10-31 10:47:25,3.0,129.1,3.12.12,190,2,2,model_23,23,Deep,190,15,25,8.261,2.847,0.126,1.089,15614.703757,1.0,noGIL
experiments/PipelineParallel_exp2/models/model_23,2,7867.438902,0.127106,0.997477,2025-10-31 11:26:46,3.1,128.9,3.12.12,190,2,2,model_23,23,Deep,190,15,25,8.261,2.847,0.126,1.089,15614.703757,1.9847251375578587,noGIL
experiments/PipelineParallel_exp2/models/model_23,4,3991.518092,0.250531,3.646093,2025-10-31 11:46:43,3.3,129.0,3.12.12,190,2,2,model_23,23,Deep,190,15,25,8.261,2.847,0.126,1.089,15614.703757,3.911971184170697,noGIL
experiments/PipelineParallel_exp2/models/model_23,8,2520.466401,0.396754,7.492475,2025-10-31 11:59:18,3.5,129.1,3.12.12,190,2,2,model_23,23,Deep,190,15,25,8.261,2.847,0.126,1.089,15614.703757,6.195164415127627,noGIL
experiments/PipelineParallel_exp2/models/model_23,16,2275.951559,0.439377,1.022713,2025-10-31 12:10:41,3.6,129.5,3.12.12,190,2,2,model_23,23,Deep,190,15,25,8.261,2.847,0.126,1.089,15614.703757,6.860736422641937,noGIL
experiments/PipelineParallel_exp2/models/model_24,1,19583.058955,0.051065,26.778963,2025-10-31 13:48:38,3.3,129.5,3.12.12,226,2,2,model_24,22,Deep,226,12,24,10.273,0.962,0.124,1.084,19583.058955,1.0,noGIL
experiments/PipelineParallel_exp2/models/model_24,2,9815.784634,0.101877,0.118417,2025-10-31 14:37:42,3.5,129.1,3.12.12,226,2,2,model_24,22,Deep,226,12,24,10.273,0.962,0.124,1.084,19583.058955,1.9950579281423955,noGIL
experiments/PipelineParallel_exp2/models/model_24,4,4960.467243,0.201594,0.2633,2025-10-31 15:02:30,3.3,129.0,3.12.12,226,2,2,model_24,22,Deep,226,12,24,10.273,0.962,0.124,1.084,19583.058955,3.947825476044576,noGIL
experiments/PipelineParallel_exp2/models/model_24,8,2594.335047,0.385456,3.599482,2025-10-31 15:15:28,3.6,129.1,3.12.12,226,2,2,model_24,22,Deep,226,12,24,10.273,0.962,0.124,1.084,19583.058955,7.548392401222493,noGIL
experiments/PipelineParallel_exp2/models/model_24,16,2276.903985,0.439193,0.411852,2025-10-31 15:26:51,3.8,129.6,3.12.12,226,2,2,model_24,22,Deep,226,12,24,10.273,0.962,0.124,1.084,19583.058955,8.600739901204047,noGIL
experiments/PipelineParallel_exp2/models/model_25,1,26808.358613,0.037302,4.447155,2025-10-31 17:40:54,3.0,129.3,3.12.12,304,2,2,model_25,30,Deep,304,15,32,10.133,2.156,0.135,1.105,26808.358613,1.0,noGIL
experiments/PipelineParallel_exp2/models/model_25,2,13470.982269,0.074234,1.022151,2025-10-31 18:48:15,3.1,129.6,3.12.12,304,2,2,model_25,30,Deep,304,15,32,10.133,2.156,0.135,1.105,26808.358613,1.9900819463397663,noGIL
experiments/PipelineParallel_exp2/models/model_25,4,6787.193685,0.147336,0.611282,2025-10-31 19:22:12,3.3,129.3,3.12.12,304,2,2,model_25,30,Deep,304,15,32,10.133,2.156,0.135,1.105,26808.358613,3.9498443476348206,noGIL
experiments/PipelineParallel_exp2/models/model_25,8,3582.584572,0.279128,0.748033,2025-10-31 19:40:07,3.6,129.4,3.12.12,304,2,2,model_25,30,Deep,304,15,32,10.133,2.156,0.135,1.105,26808.358613,7.482966019148033,noGIL
experiments/PipelineParallel_exp2/models/model_25,16,3038.959379,0.32906,0.541714,2025-10-31 19:55:18,3.8,129.3,3.12.12,304,2,2,model_25,30,Deep,304,15,32,10.133,2.156,0.135,1.105,26808.358613,8.821558721137484,noGIL
experiments/PipelineParallel_exp2/models/model_26,1,16693.992287,0.059902,0.015566,2025-10-31 21:18:47,3.0,129.3,3.12.12,185,2,2,model_26,15,Medium,185,15,17,12.333,1.886,0.103,1.049,16693.992287,1.0,noGIL
experiments/PipelineParallel_exp2/models/model_26,2,8406.557212,0.118955,0.524315,2025-10-31 22:00:49,3.1,129.2,3.12.12,185,2,2,model_26,15,Medium,185,15,17,12.333,1.886,0.103,1.049,16693.992287,1.985829854719842,noGIL
experiments/PipelineParallel_exp2/models/model_26,4,4209.817814,0.23754,0.449275,2025-10-31 22:21:51,3.3,129.5,3.12.12,185,2,2,model_26,15,Medium,185,15,17,12.333,1.886,0.103,1.049,16693.992287,3.965490437966967,noGIL
experiments/PipelineParallel_exp2/models/model_26,8,2172.202817,0.460363,2.979829,2025-10-31 22:32:43,3.7,129.1,3.12.12,185,2,2,model_26,15,Medium,185,15,17,12.333,1.886,0.103,1.049,16693.992287,7.685282495883993,noGIL
experiments/PipelineParallel_exp2/models/model_26,16,1628.425461,0.61409,0.415056,2025-10-31 22:40:52,3.9,129.5,3.12.12,185,2,2,model_26,15,Medium,185,15,17,12.333,1.886,0.103,1.049,16693.992287,10.251615862569714,noGIL
experiments/PipelineParallel_exp2/models/model_27,1,27998.524376,0.035716,1.135396,2025-11-01 01:00:51,3.0,129.4,3.12.12,320,2,2,model_27,30,Deep,320,15,32,10.667,2.226,0.131,1.1,27998.524376,1.0,noGIL
experiments/PipelineParallel_exp2/models/model_27,2,14023.571694,0.071309,1.781638,2025-11-01 02:10:58,3.1,129.3,3.12.12,320,2,2,model_27,30,Deep,320,15,32,10.667,2.226,0.131,1.1,27998.524376,1.99653305070485,noGIL
experiments/PipelineParallel_exp2/models/model_27,4,7035.568922,0.142135,1.686997,2025-11-01 02:46:09,3.3,129.5,3.12.12,320,2,2,model_27,30,Deep,320,15,32,10.667,2.226,0.131,1.1,27998.524376,3.9795679192978275,noGIL
experiments/PipelineParallel_exp2/models/model_27,8,3806.961782,0.262677,0.187108,2025-11-01 03:05:11,3.6,129.5,3.12.12,320,2,2,model_27,30,Deep,320,15,32,10.667,2.226,0.131,1.1,27998.524376,7.354558826511488,noGIL
experiments/PipelineParallel_exp2/models/model_27,16,3250.984447,0.307599,1.324543,2025-11-01 03:21:27,3.7,129.9,3.12.12,320,2,2,model_27,30,Deep,320,15,32,10.667,2.226,0.131,1.1,27998.524376,8.612321846644628,noGIL
experiments/PipelineParallel_exp2/models/model_28,1,22397.496487,0.044648,3.656782,2025-11-01 05:13:26,3.0,129.8,3.12.12,255,2,2,model_28,27,Deep,255,13,29,9.444,1.663,0.118,1.086,22397.496487,1.0,noGIL
experiments/PipelineParallel_exp2/models/model_28,2,11217.369236,0.089147,0.815344,2025-11-01 06:09:31,3.1,129.8,3.12.12,255,2,2,model_28,27,Deep,255,13,29,9.444,1.663,0.118,1.086,22397.496487,1.9966799715497927,noGIL
experiments/PipelineParallel_exp2/models/model_28,4,5615.707077,0.178072,0.661444,2025-11-01 06:37:36,3.3,129.4,3.12.12,255,2,2,model_28,27,Deep,255,13,29,9.444,1.663,0.118,1.086,22397.496487,3.9883662341884647,noGIL
experiments/PipelineParallel_exp2/models/model_28,8,3180.630415,0.314403,2.973029,2025-11-01 06:53:31,3.6,129.7,3.12.12,255,2,2,model_28,27,Deep,255,13,29,9.444,1.663,0.118,1.086,22397.496487,7.041841888127703,noGIL
experiments/PipelineParallel_exp2/models/model_28,16,2926.839481,0.341665,0.578623,2025-11-01 07:08:09,3.7,129.7,3.12.12,255,2,2,model_28,27,Deep,255,13,29,9.444,1.663,0.118,1.086,22397.496487,7.652451264374618,noGIL
experiments/PipelineParallel_exp2/models/model_29,1,34244.578359,0.029202,0.168594,2025-11-01 09:59:22,3.0,130.1,3.12.12,389,2,2,model_29,35,Deep,389,14,37,11.114,1.848,0.139,1.113,34244.578359,1.0,noGIL
experiments/PipelineParallel_exp2/models/model_29,2,17147.308649,0.058318,0.767528,2025-11-01 11:25:06,3.1,130.1,3.12.12,389,2,2,model_29,35,Deep,389,14,37,11.114,1.848,0.139,1.113,34244.578359,1.9970818196590334,noGIL
experiments/PipelineParallel_exp2/models/model_29,4,8628.959022,0.115889,2.459906,2025-11-01 12:08:15,3.3,130.5,3.12.12,389,2,2,model_29,35,Deep,389,14,37,11.114,1.848,0.139,1.113,34244.578359,3.9685642580630627,noGIL
experiments/PipelineParallel_exp2/models/model_29,8,4473.296772,0.223549,1.654718,2025-11-01 12:30:36,3.6,130.9,3.12.12,389,2,2,model_29,35,Deep,389,14,37,11.114,1.848,0.139,1.113,34244.578359,7.655333438494253,noGIL
experiments/PipelineParallel_exp2/models/model_29,16,3579.170555,0.279394,1.827268,2025-11-01 12:48:30,3.8,130.4,3.12.12,389,2,2,model_29,35,Deep,389,14,37,11.114,1.848,0.139,1.113,34244.578359,9.567741417396634,noGIL
experiments/PipelineParallel_exp2/models/model_30,1,12490.677264,0.08006,1.6928,2025-11-01 13:50:57,3.0,130.4,3.12.12,133,2,2,model_30,11,Medium,133,16,13,12.091,2.353,0.135,1.068,12490.677264,1.0,noGIL
experiments/PipelineParallel_exp2/models/model_30,2,6258.616643,0.15978,0.296961,2025-11-01 14:22:14,3.1,130.6,3.12.12,133,2,2,model_30,11,Medium,133,16,13,12.091,2.353,0.135,1.068,12490.677264,1.995756886303349,noGIL
experiments/PipelineParallel_exp2/models/model_30,4,3131.961397,0.319289,0.369388,2025-11-01 14:37:54,3.3,130.1,3.12.12,133,2,2,model_30,11,Medium,133,16,13,12.091,2.353,0.135,1.068,12490.677264,3.988132572759165,noGIL
experiments/PipelineParallel_exp2/models/model_30,8,1629.476555,0.613694,0.669196,2025-11-01 14:46:02,3.6,130.5,3.12.12,133,2,2,model_30,11,Medium,133,16,13,12.091,2.353,0.135,1.068,12490.677264,7.665453808262986,noGIL
experiments/PipelineParallel_exp2/models/model_30,16,1198.628088,0.834287,0.114751,2025-11-01 14:52:02,3.9,130.8,3.12.12,133,2,2,model_30,11,Medium,133,16,13,12.091,2.353,0.135,1.068,12490.677264,10.42081141686044,noGIL
